Iteration,BlockID,gen[B],kill[B],in[B],out[B]
1,0,{},{},{},{}
1,1,"{D1, D2}",{},{},"{D1, D2}"
1,2,{},{},"{D1, D2}","{D1, D2}"
1,3,{},{},"{D1, D2}","{D1, D2}"
1,4,{},{},"{D1, D2}","{D1, D2}"
1,5,{},{},"{D1, D2}","{D1, D2}"
1,6,{},{},"{D1, D2}","{D1, D2}"
1,7,{},{},"{D1, D2}","{D1, D2}"
1,8,{},{},"{D1, D2}","{D1, D2}"
1,9,{},{},"{D1, D2}","{D1, D2}"
1,10,{},{},{},{}
1,11,"{D3, D4}",{},"{D1, D2}","{D1, D2, D3, D4}"
1,12,{},{},"{D1, D2, D3, D4}","{D1, D2, D3, D4}"
1,13,{},{},{},{}
1,14,{},{},{},{}
1,15,{},{},"{D1, D2}","{D1, D2}"
1,16,{},{},"{D1, D2}","{D1, D2}"
1,17,{},{},"{D1, D2}","{D1, D2}"
1,18,{},{},"{D1, D2}","{D1, D2}"
1,19,{},{},"{D1, D2}","{D1, D2}"
1,20,{},{},"{D1, D2}","{D1, D2}"
1,21,{D5},{},"{D1, D2}","{D1, D2, D5}"
1,22,{},{},"{D1, D2, D5}","{D1, D2, D5}"
1,23,{},{},"{D1, D2, D5}","{D1, D2, D5}"
1,24,{},{},{},{}
1,25,{},{},"{D1, D2}","{D1, D2}"
1,26,{},{},"{D1, D2, D5}","{D1, D2, D5}"
1,27,{},{},"{D1, D2, D5}","{D1, D2, D5}"
1,28,{},{},"{D1, D2, D5}","{D1, D2, D5}"
1,29,{},{},"{D1, D2, D5}","{D1, D2, D5}"
1,30,{},{},"{D1, D2, D5}","{D1, D2, D5}"
1,31,{},{},{},{}
1,32,{},{},{},{}
1,33,{},{},"{D1, D2}","{D1, D2}"
1,34,{},{},"{D1, D2}","{D1, D2}"
1,35,{},{},"{D1, D2}","{D1, D2}"
1,36,{},{},"{D1, D2}","{D1, D2}"
1,37,{},{},"{D1, D2}","{D1, D2}"
1,38,{},{},"{D1, D2}","{D1, D2}"
1,39,{},{},{},{}
1,40,{},{},"{D1, D2}","{D1, D2}"
1,41,{},{},"{D1, D2}","{D1, D2}"
1,42,{},{},"{D1, D2}","{D1, D2}"
1,43,{},{},"{D1, D2}","{D1, D2}"
1,44,{},{},"{D1, D2}","{D1, D2}"
1,45,{},{},"{D1, D2}","{D1, D2}"
1,46,{},{},{},{}
1,47,{},{},{},{}
1,48,{},{},"{D1, D2}","{D1, D2}"
1,49,{},{},"{D1, D2}","{D1, D2}"
1,50,{},{},"{D1, D2}","{D1, D2}"
1,51,{},{},"{D1, D2}","{D1, D2}"
1,52,{},{},"{D1, D2}","{D1, D2}"
1,53,{},{},"{D1, D2}","{D1, D2}"
1,54,{},{},"{D1, D2}","{D1, D2}"
1,55,{},{},"{D1, D2}","{D1, D2}"
1,56,{},{},"{D1, D2}","{D1, D2}"
1,57,{},{},"{D1, D2}","{D1, D2}"
1,58,{},{},"{D1, D2}","{D1, D2}"
1,59,{},{},"{D1, D2}","{D1, D2}"
1,60,{},{},{},{}
1,61,{},{},"{D1, D2}","{D1, D2}"
1,62,{},{},"{D1, D2}","{D1, D2}"
1,63,{},{},"{D1, D2}","{D1, D2}"
1,64,{},{},"{D1, D2}","{D1, D2}"
1,65,{},{},"{D1, D2}","{D1, D2}"
1,66,{},{},"{D1, D2}","{D1, D2}"
1,67,{},{},{},{}
1,68,{},{},{},{}
1,69,{D6},{D7},"{D1, D2}","{D1, D2, D6}"
1,70,{},{},"{D1, D2, D6}","{D1, D2, D6}"
1,71,{},{},"{D1, D2, D6}","{D1, D2, D6}"
1,72,{},{},"{D1, D2, D6}","{D1, D2, D6}"
1,73,{D7},{D6},"{D1, D2, D6}","{D1, D2, D7}"
1,74,{},{},"{D1, D2, D6, D7}","{D1, D2, D6, D7}"
1,75,{},{},"{D1, D2, D6, D7}","{D1, D2, D6, D7}"
1,76,{D8},{},"{D1, D2, D6, D7}","{D1, D2, D6, D7, D8}"
1,77,{},{},"{D1, D2, D6, D7, D8}","{D1, D2, D6, D7, D8}"
1,78,{},{},"{D1, D2, D6, D7, D8}","{D1, D2, D6, D7, D8}"
1,79,{},{},"{D1, D2, D6, D7, D8}","{D1, D2, D6, D7, D8}"
1,80,{},{},"{D1, D2, D6, D7, D8}","{D1, D2, D6, D7, D8}"
1,81,{},{},"{D1, D2, D6, D7, D8}","{D1, D2, D6, D7, D8}"
1,82,{},{},{},{}
1,83,{},{},"{D1, D2, D6, D7, D8}","{D1, D2, D6, D7, D8}"
1,84,{},{},"{D1, D2, D6, D7, D8}","{D1, D2, D6, D7, D8}"
1,85,{},{},"{D1, D2, D6, D7, D8}","{D1, D2, D6, D7, D8}"
1,86,{},{},"{D1, D2, D6, D7, D8}","{D1, D2, D6, D7, D8}"
1,87,{},{},"{D1, D2, D6, D7, D8}","{D1, D2, D6, D7, D8}"
1,88,{},{},"{D1, D2, D6, D7, D8}","{D1, D2, D6, D7, D8}"
1,89,{},{},"{D1, D2, D6, D7, D8}","{D1, D2, D6, D7, D8}"
1,90,{},{},"{D1, D2, D6, D7, D8}","{D1, D2, D6, D7, D8}"
1,91,{},{},{},{}
1,92,{},{},{},{}
1,93,{},{},"{D1, D2}","{D1, D2}"
1,94,{},{},"{D1, D2}","{D1, D2}"
1,95,{},{},"{D1, D2}","{D1, D2}"
1,96,{},{},"{D1, D2}","{D1, D2}"
1,97,{},{},"{D1, D2}","{D1, D2}"
1,98,{},{},"{D1, D2}","{D1, D2}"
1,99,{},{},{},{}
1,100,{},{},"{D1, D2}","{D1, D2}"
1,101,{},{},"{D1, D2}","{D1, D2}"
1,102,{},{},"{D1, D2}","{D1, D2}"
1,103,{},{},"{D1, D2}","{D1, D2}"
1,104,{},{},"{D1, D2}","{D1, D2}"
1,105,{},{},"{D1, D2}","{D1, D2}"
1,106,{},{},{},{}
1,107,{},{},{},{}
1,108,{},{},"{D1, D2}","{D1, D2}"
1,109,{},{},"{D1, D2}","{D1, D2}"
1,110,{},{},"{D1, D2}","{D1, D2}"
1,111,{},{},"{D1, D2}","{D1, D2}"
1,112,{},{},"{D1, D2}","{D1, D2}"
1,113,{},{},{},{}
1,114,{},{},{},{}
1,115,{},{},"{D1, D2}","{D1, D2}"
1,116,{},{},"{D1, D2}","{D1, D2}"
1,117,{},{},"{D1, D2}","{D1, D2}"
1,118,{},{},"{D1, D2}","{D1, D2}"
1,119,{},{},"{D1, D2}","{D1, D2}"
1,120,{},{},{},{}
1,121,{},{},{},{}
1,122,{},{},"{D1, D2}","{D1, D2}"
1,123,{},{},"{D1, D2}","{D1, D2}"
1,124,{},{},"{D1, D2}","{D1, D2}"
1,125,{},{},"{D1, D2}","{D1, D2}"
1,126,{},{},"{D1, D2}","{D1, D2}"
1,127,{},{},{},{}
1,128,{},{},{},{}
1,129,{},{},"{D1, D2}","{D1, D2}"
1,130,{},{},"{D1, D2}","{D1, D2}"
1,131,{},{},{},{}
1,132,{},{},{},{}
1,133,{},{},"{D1, D2}","{D1, D2}"
1,134,{},{},"{D1, D2}","{D1, D2}"
1,135,{},{},"{D1, D2, D3, D4, D5, D6, D7, D8}","{D1, D2, D3, D4, D5, D6, D7, D8}"
1,136,{},{},"{D1, D2, D3, D4, D5, D6, D7, D8}","{D1, D2, D3, D4, D5, D6, D7, D8}"
1,137,{},{},"{D1, D2, D3, D4, D5, D6, D7, D8}","{D1, D2, D3, D4, D5, D6, D7, D8}"
2,0,{},{},{},{}
2,1,"{D1, D2}",{},{},"{D1, D2}"
2,2,{},{},"{D1, D2, D3, D4, D5, D6, D7, D8}","{D1, D2, D3, D4, D5, D6, D7, D8}"
2,3,{},{},"{D1, D2, D3, D4, D5, D6, D7, D8}","{D1, D2, D3, D4, D5, D6, D7, D8}"
2,4,{},{},"{D1, D2, D3, D4, D5, D6, D7, D8}","{D1, D2, D3, D4, D5, D6, D7, D8}"
2,5,{},{},"{D1, D2, D3, D4, D5, D6, D7, D8}","{D1, D2, D3, D4, D5, D6, D7, D8}"
2,6,{},{},"{D1, D2, D3, D4, D5, D6, D7, D8}","{D1, D2, D3, D4, D5, D6, D7, D8}"
2,7,{},{},"{D1, D2, D3, D4, D5, D6, D7, D8}","{D1, D2, D3, D4, D5, D6, D7, D8}"
2,8,{},{},"{D1, D2, D3, D4, D5, D6, D7, D8}","{D1, D2, D3, D4, D5, D6, D7, D8}"
2,9,{},{},"{D1, D2, D3, D4, D5, D6, D7, D8}","{D1, D2, D3, D4, D5, D6, D7, D8}"
2,10,{},{},{},{}
2,11,"{D3, D4}",{},"{D1, D2, D3, D4, D5, D6, D7, D8}","{D1, D2, D3, D4, D5, D6, D7, D8}"
2,12,{},{},"{D1, D2, D3, D4, D5, D6, D7, D8}","{D1, D2, D3, D4, D5, D6, D7, D8}"
2,13,{},{},{},{}
2,14,{},{},{},{}
2,15,{},{},"{D1, D2, D3, D4, D5, D6, D7, D8}","{D1, D2, D3, D4, D5, D6, D7, D8}"
2,16,{},{},"{D1, D2, D3, D4, D5, D6, D7, D8}","{D1, D2, D3, D4, D5, D6, D7, D8}"
2,17,{},{},"{D1, D2, D3, D4, D5, D6, D7, D8}","{D1, D2, D3, D4, D5, D6, D7, D8}"
2,18,{},{},"{D1, D2, D3, D4, D5, D6, D7, D8}","{D1, D2, D3, D4, D5, D6, D7, D8}"
2,19,{},{},"{D1, D2, D3, D4, D5, D6, D7, D8}","{D1, D2, D3, D4, D5, D6, D7, D8}"
2,20,{},{},"{D1, D2, D3, D4, D5, D6, D7, D8}","{D1, D2, D3, D4, D5, D6, D7, D8}"
2,21,{D5},{},"{D1, D2, D3, D4, D5, D6, D7, D8}","{D1, D2, D3, D4, D5, D6, D7, D8}"
2,22,{},{},"{D1, D2, D3, D4, D5, D6, D7, D8}","{D1, D2, D3, D4, D5, D6, D7, D8}"
2,23,{},{},"{D1, D2, D3, D4, D5, D6, D7, D8}","{D1, D2, D3, D4, D5, D6, D7, D8}"
2,24,{},{},{},{}
2,25,{},{},"{D1, D2, D3, D4, D5, D6, D7, D8}","{D1, D2, D3, D4, D5, D6, D7, D8}"
2,26,{},{},"{D1, D2, D3, D4, D5, D6, D7, D8}","{D1, D2, D3, D4, D5, D6, D7, D8}"
2,27,{},{},"{D1, D2, D3, D4, D5, D6, D7, D8}","{D1, D2, D3, D4, D5, D6, D7, D8}"
2,28,{},{},"{D1, D2, D3, D4, D5, D6, D7, D8}","{D1, D2, D3, D4, D5, D6, D7, D8}"
2,29,{},{},"{D1, D2, D3, D4, D5, D6, D7, D8}","{D1, D2, D3, D4, D5, D6, D7, D8}"
2,30,{},{},"{D1, D2, D3, D4, D5, D6, D7, D8}","{D1, D2, D3, D4, D5, D6, D7, D8}"
2,31,{},{},{},{}
2,32,{},{},{},{}
2,33,{},{},"{D1, D2, D3, D4, D5, D6, D7, D8}","{D1, D2, D3, D4, D5, D6, D7, D8}"
2,34,{},{},"{D1, D2, D3, D4, D5, D6, D7, D8}","{D1, D2, D3, D4, D5, D6, D7, D8}"
2,35,{},{},"{D1, D2, D3, D4, D5, D6, D7, D8}","{D1, D2, D3, D4, D5, D6, D7, D8}"
2,36,{},{},"{D1, D2, D3, D4, D5, D6, D7, D8}","{D1, D2, D3, D4, D5, D6, D7, D8}"
2,37,{},{},"{D1, D2, D3, D4, D5, D6, D7, D8}","{D1, D2, D3, D4, D5, D6, D7, D8}"
2,38,{},{},"{D1, D2, D3, D4, D5, D6, D7, D8}","{D1, D2, D3, D4, D5, D6, D7, D8}"
2,39,{},{},{},{}
2,40,{},{},"{D1, D2, D3, D4, D5, D6, D7, D8}","{D1, D2, D3, D4, D5, D6, D7, D8}"
2,41,{},{},"{D1, D2, D3, D4, D5, D6, D7, D8}","{D1, D2, D3, D4, D5, D6, D7, D8}"
2,42,{},{},"{D1, D2, D3, D4, D5, D6, D7, D8}","{D1, D2, D3, D4, D5, D6, D7, D8}"
2,43,{},{},"{D1, D2, D3, D4, D5, D6, D7, D8}","{D1, D2, D3, D4, D5, D6, D7, D8}"
2,44,{},{},"{D1, D2, D3, D4, D5, D6, D7, D8}","{D1, D2, D3, D4, D5, D6, D7, D8}"
2,45,{},{},"{D1, D2, D3, D4, D5, D6, D7, D8}","{D1, D2, D3, D4, D5, D6, D7, D8}"
2,46,{},{},{},{}
2,47,{},{},{},{}
2,48,{},{},"{D1, D2, D3, D4, D5, D6, D7, D8}","{D1, D2, D3, D4, D5, D6, D7, D8}"
2,49,{},{},"{D1, D2, D3, D4, D5, D6, D7, D8}","{D1, D2, D3, D4, D5, D6, D7, D8}"
2,50,{},{},"{D1, D2, D3, D4, D5, D6, D7, D8}","{D1, D2, D3, D4, D5, D6, D7, D8}"
2,51,{},{},"{D1, D2, D3, D4, D5, D6, D7, D8}","{D1, D2, D3, D4, D5, D6, D7, D8}"
2,52,{},{},"{D1, D2, D3, D4, D5, D6, D7, D8}","{D1, D2, D3, D4, D5, D6, D7, D8}"
2,53,{},{},"{D1, D2, D3, D4, D5, D6, D7, D8}","{D1, D2, D3, D4, D5, D6, D7, D8}"
2,54,{},{},"{D1, D2, D3, D4, D5, D6, D7, D8}","{D1, D2, D3, D4, D5, D6, D7, D8}"
2,55,{},{},"{D1, D2, D3, D4, D5, D6, D7, D8}","{D1, D2, D3, D4, D5, D6, D7, D8}"
2,56,{},{},"{D1, D2, D3, D4, D5, D6, D7, D8}","{D1, D2, D3, D4, D5, D6, D7, D8}"
2,57,{},{},"{D1, D2, D3, D4, D5, D6, D7, D8}","{D1, D2, D3, D4, D5, D6, D7, D8}"
2,58,{},{},"{D1, D2, D3, D4, D5, D6, D7, D8}","{D1, D2, D3, D4, D5, D6, D7, D8}"
2,59,{},{},"{D1, D2, D3, D4, D5, D6, D7, D8}","{D1, D2, D3, D4, D5, D6, D7, D8}"
2,60,{},{},{},{}
2,61,{},{},"{D1, D2, D3, D4, D5, D6, D7, D8}","{D1, D2, D3, D4, D5, D6, D7, D8}"
2,62,{},{},"{D1, D2, D3, D4, D5, D6, D7, D8}","{D1, D2, D3, D4, D5, D6, D7, D8}"
2,63,{},{},"{D1, D2, D3, D4, D5, D6, D7, D8}","{D1, D2, D3, D4, D5, D6, D7, D8}"
2,64,{},{},"{D1, D2, D3, D4, D5, D6, D7, D8}","{D1, D2, D3, D4, D5, D6, D7, D8}"
2,65,{},{},"{D1, D2, D3, D4, D5, D6, D7, D8}","{D1, D2, D3, D4, D5, D6, D7, D8}"
2,66,{},{},"{D1, D2, D3, D4, D5, D6, D7, D8}","{D1, D2, D3, D4, D5, D6, D7, D8}"
2,67,{},{},{},{}
2,68,{},{},{},{}
2,69,{D6},{D7},"{D1, D2, D3, D4, D5, D6, D7, D8}","{D1, D2, D3, D4, D5, D6, D8}"
2,70,{},{},"{D1, D2, D3, D4, D5, D6, D7, D8}","{D1, D2, D3, D4, D5, D6, D7, D8}"
2,71,{},{},"{D1, D2, D3, D4, D5, D6, D7, D8}","{D1, D2, D3, D4, D5, D6, D7, D8}"
2,72,{},{},"{D1, D2, D3, D4, D5, D6, D7, D8}","{D1, D2, D3, D4, D5, D6, D7, D8}"
2,73,{D7},{D6},"{D1, D2, D3, D4, D5, D6, D7, D8}","{D1, D2, D3, D4, D5, D7, D8}"
2,74,{},{},"{D1, D2, D3, D4, D5, D6, D7, D8}","{D1, D2, D3, D4, D5, D6, D7, D8}"
2,75,{},{},"{D1, D2, D3, D4, D5, D6, D7, D8}","{D1, D2, D3, D4, D5, D6, D7, D8}"
2,76,{D8},{},"{D1, D2, D3, D4, D5, D6, D7, D8}","{D1, D2, D3, D4, D5, D6, D7, D8}"
2,77,{},{},"{D1, D2, D3, D4, D5, D6, D7, D8}","{D1, D2, D3, D4, D5, D6, D7, D8}"
2,78,{},{},"{D1, D2, D3, D4, D5, D6, D7, D8}","{D1, D2, D3, D4, D5, D6, D7, D8}"
2,79,{},{},"{D1, D2, D3, D4, D5, D6, D7, D8}","{D1, D2, D3, D4, D5, D6, D7, D8}"
2,80,{},{},"{D1, D2, D3, D4, D5, D6, D7, D8}","{D1, D2, D3, D4, D5, D6, D7, D8}"
2,81,{},{},"{D1, D2, D3, D4, D5, D6, D7, D8}","{D1, D2, D3, D4, D5, D6, D7, D8}"
2,82,{},{},{},{}
2,83,{},{},"{D1, D2, D3, D4, D5, D6, D7, D8}","{D1, D2, D3, D4, D5, D6, D7, D8}"
2,84,{},{},"{D1, D2, D3, D4, D5, D6, D7, D8}","{D1, D2, D3, D4, D5, D6, D7, D8}"
2,85,{},{},"{D1, D2, D3, D4, D5, D6, D7, D8}","{D1, D2, D3, D4, D5, D6, D7, D8}"
2,86,{},{},"{D1, D2, D3, D4, D5, D6, D7, D8}","{D1, D2, D3, D4, D5, D6, D7, D8}"
2,87,{},{},"{D1, D2, D3, D4, D5, D6, D7, D8}","{D1, D2, D3, D4, D5, D6, D7, D8}"
2,88,{},{},"{D1, D2, D3, D4, D5, D6, D7, D8}","{D1, D2, D3, D4, D5, D6, D7, D8}"
2,89,{},{},"{D1, D2, D3, D4, D5, D6, D7, D8}","{D1, D2, D3, D4, D5, D6, D7, D8}"
2,90,{},{},"{D1, D2, D3, D4, D5, D6, D7, D8}","{D1, D2, D3, D4, D5, D6, D7, D8}"
2,91,{},{},{},{}
2,92,{},{},{},{}
2,93,{},{},"{D1, D2, D3, D4, D5, D6, D7, D8}","{D1, D2, D3, D4, D5, D6, D7, D8}"
2,94,{},{},"{D1, D2, D3, D4, D5, D6, D7, D8}","{D1, D2, D3, D4, D5, D6, D7, D8}"
2,95,{},{},"{D1, D2, D3, D4, D5, D6, D7, D8}","{D1, D2, D3, D4, D5, D6, D7, D8}"
2,96,{},{},"{D1, D2, D3, D4, D5, D6, D7, D8}","{D1, D2, D3, D4, D5, D6, D7, D8}"
2,97,{},{},"{D1, D2, D3, D4, D5, D6, D7, D8}","{D1, D2, D3, D4, D5, D6, D7, D8}"
2,98,{},{},"{D1, D2, D3, D4, D5, D6, D7, D8}","{D1, D2, D3, D4, D5, D6, D7, D8}"
2,99,{},{},{},{}
2,100,{},{},"{D1, D2, D3, D4, D5, D6, D7, D8}","{D1, D2, D3, D4, D5, D6, D7, D8}"
2,101,{},{},"{D1, D2, D3, D4, D5, D6, D7, D8}","{D1, D2, D3, D4, D5, D6, D7, D8}"
2,102,{},{},"{D1, D2, D3, D4, D5, D6, D7, D8}","{D1, D2, D3, D4, D5, D6, D7, D8}"
2,103,{},{},"{D1, D2, D3, D4, D5, D6, D7, D8}","{D1, D2, D3, D4, D5, D6, D7, D8}"
2,104,{},{},"{D1, D2, D3, D4, D5, D6, D7, D8}","{D1, D2, D3, D4, D5, D6, D7, D8}"
2,105,{},{},"{D1, D2, D3, D4, D5, D6, D7, D8}","{D1, D2, D3, D4, D5, D6, D7, D8}"
2,106,{},{},{},{}
2,107,{},{},{},{}
2,108,{},{},"{D1, D2, D3, D4, D5, D6, D7, D8}","{D1, D2, D3, D4, D5, D6, D7, D8}"
2,109,{},{},"{D1, D2, D3, D4, D5, D6, D7, D8}","{D1, D2, D3, D4, D5, D6, D7, D8}"
2,110,{},{},"{D1, D2, D3, D4, D5, D6, D7, D8}","{D1, D2, D3, D4, D5, D6, D7, D8}"
2,111,{},{},"{D1, D2, D3, D4, D5, D6, D7, D8}","{D1, D2, D3, D4, D5, D6, D7, D8}"
2,112,{},{},"{D1, D2, D3, D4, D5, D6, D7, D8}","{D1, D2, D3, D4, D5, D6, D7, D8}"
2,113,{},{},{},{}
2,114,{},{},{},{}
2,115,{},{},"{D1, D2, D3, D4, D5, D6, D7, D8}","{D1, D2, D3, D4, D5, D6, D7, D8}"
2,116,{},{},"{D1, D2, D3, D4, D5, D6, D7, D8}","{D1, D2, D3, D4, D5, D6, D7, D8}"
2,117,{},{},"{D1, D2, D3, D4, D5, D6, D7, D8}","{D1, D2, D3, D4, D5, D6, D7, D8}"
2,118,{},{},"{D1, D2, D3, D4, D5, D6, D7, D8}","{D1, D2, D3, D4, D5, D6, D7, D8}"
2,119,{},{},"{D1, D2, D3, D4, D5, D6, D7, D8}","{D1, D2, D3, D4, D5, D6, D7, D8}"
2,120,{},{},{},{}
2,121,{},{},{},{}
2,122,{},{},"{D1, D2, D3, D4, D5, D6, D7, D8}","{D1, D2, D3, D4, D5, D6, D7, D8}"
2,123,{},{},"{D1, D2, D3, D4, D5, D6, D7, D8}","{D1, D2, D3, D4, D5, D6, D7, D8}"
2,124,{},{},"{D1, D2, D3, D4, D5, D6, D7, D8}","{D1, D2, D3, D4, D5, D6, D7, D8}"
2,125,{},{},"{D1, D2, D3, D4, D5, D6, D7, D8}","{D1, D2, D3, D4, D5, D6, D7, D8}"
2,126,{},{},"{D1, D2, D3, D4, D5, D6, D7, D8}","{D1, D2, D3, D4, D5, D6, D7, D8}"
2,127,{},{},{},{}
2,128,{},{},{},{}
2,129,{},{},"{D1, D2, D3, D4, D5, D6, D7, D8}","{D1, D2, D3, D4, D5, D6, D7, D8}"
2,130,{},{},"{D1, D2, D3, D4, D5, D6, D7, D8}","{D1, D2, D3, D4, D5, D6, D7, D8}"
2,131,{},{},{},{}
2,132,{},{},{},{}
2,133,{},{},"{D1, D2, D3, D4, D5, D6, D7, D8}","{D1, D2, D3, D4, D5, D6, D7, D8}"
2,134,{},{},"{D1, D2, D3, D4, D5, D6, D7, D8}","{D1, D2, D3, D4, D5, D6, D7, D8}"
2,135,{},{},"{D1, D2, D3, D4, D5, D6, D7, D8}","{D1, D2, D3, D4, D5, D6, D7, D8}"
2,136,{},{},"{D1, D2, D3, D4, D5, D6, D7, D8}","{D1, D2, D3, D4, D5, D6, D7, D8}"
2,137,{},{},"{D1, D2, D3, D4, D5, D6, D7, D8}","{D1, D2, D3, D4, D5, D6, D7, D8}"
3,0,{},{},{},{}
3,1,"{D1, D2}",{},{},"{D1, D2}"
3,2,{},{},"{D1, D2, D3, D4, D5, D6, D7, D8}","{D1, D2, D3, D4, D5, D6, D7, D8}"
3,3,{},{},"{D1, D2, D3, D4, D5, D6, D7, D8}","{D1, D2, D3, D4, D5, D6, D7, D8}"
3,4,{},{},"{D1, D2, D3, D4, D5, D6, D7, D8}","{D1, D2, D3, D4, D5, D6, D7, D8}"
3,5,{},{},"{D1, D2, D3, D4, D5, D6, D7, D8}","{D1, D2, D3, D4, D5, D6, D7, D8}"
3,6,{},{},"{D1, D2, D3, D4, D5, D6, D7, D8}","{D1, D2, D3, D4, D5, D6, D7, D8}"
3,7,{},{},"{D1, D2, D3, D4, D5, D6, D7, D8}","{D1, D2, D3, D4, D5, D6, D7, D8}"
3,8,{},{},"{D1, D2, D3, D4, D5, D6, D7, D8}","{D1, D2, D3, D4, D5, D6, D7, D8}"
3,9,{},{},"{D1, D2, D3, D4, D5, D6, D7, D8}","{D1, D2, D3, D4, D5, D6, D7, D8}"
3,10,{},{},{},{}
3,11,"{D3, D4}",{},"{D1, D2, D3, D4, D5, D6, D7, D8}","{D1, D2, D3, D4, D5, D6, D7, D8}"
3,12,{},{},"{D1, D2, D3, D4, D5, D6, D7, D8}","{D1, D2, D3, D4, D5, D6, D7, D8}"
3,13,{},{},{},{}
3,14,{},{},{},{}
3,15,{},{},"{D1, D2, D3, D4, D5, D6, D7, D8}","{D1, D2, D3, D4, D5, D6, D7, D8}"
3,16,{},{},"{D1, D2, D3, D4, D5, D6, D7, D8}","{D1, D2, D3, D4, D5, D6, D7, D8}"
3,17,{},{},"{D1, D2, D3, D4, D5, D6, D7, D8}","{D1, D2, D3, D4, D5, D6, D7, D8}"
3,18,{},{},"{D1, D2, D3, D4, D5, D6, D7, D8}","{D1, D2, D3, D4, D5, D6, D7, D8}"
3,19,{},{},"{D1, D2, D3, D4, D5, D6, D7, D8}","{D1, D2, D3, D4, D5, D6, D7, D8}"
3,20,{},{},"{D1, D2, D3, D4, D5, D6, D7, D8}","{D1, D2, D3, D4, D5, D6, D7, D8}"
3,21,{D5},{},"{D1, D2, D3, D4, D5, D6, D7, D8}","{D1, D2, D3, D4, D5, D6, D7, D8}"
3,22,{},{},"{D1, D2, D3, D4, D5, D6, D7, D8}","{D1, D2, D3, D4, D5, D6, D7, D8}"
3,23,{},{},"{D1, D2, D3, D4, D5, D6, D7, D8}","{D1, D2, D3, D4, D5, D6, D7, D8}"
3,24,{},{},{},{}
3,25,{},{},"{D1, D2, D3, D4, D5, D6, D7, D8}","{D1, D2, D3, D4, D5, D6, D7, D8}"
3,26,{},{},"{D1, D2, D3, D4, D5, D6, D7, D8}","{D1, D2, D3, D4, D5, D6, D7, D8}"
3,27,{},{},"{D1, D2, D3, D4, D5, D6, D7, D8}","{D1, D2, D3, D4, D5, D6, D7, D8}"
3,28,{},{},"{D1, D2, D3, D4, D5, D6, D7, D8}","{D1, D2, D3, D4, D5, D6, D7, D8}"
3,29,{},{},"{D1, D2, D3, D4, D5, D6, D7, D8}","{D1, D2, D3, D4, D5, D6, D7, D8}"
3,30,{},{},"{D1, D2, D3, D4, D5, D6, D7, D8}","{D1, D2, D3, D4, D5, D6, D7, D8}"
3,31,{},{},{},{}
3,32,{},{},{},{}
3,33,{},{},"{D1, D2, D3, D4, D5, D6, D7, D8}","{D1, D2, D3, D4, D5, D6, D7, D8}"
3,34,{},{},"{D1, D2, D3, D4, D5, D6, D7, D8}","{D1, D2, D3, D4, D5, D6, D7, D8}"
3,35,{},{},"{D1, D2, D3, D4, D5, D6, D7, D8}","{D1, D2, D3, D4, D5, D6, D7, D8}"
3,36,{},{},"{D1, D2, D3, D4, D5, D6, D7, D8}","{D1, D2, D3, D4, D5, D6, D7, D8}"
3,37,{},{},"{D1, D2, D3, D4, D5, D6, D7, D8}","{D1, D2, D3, D4, D5, D6, D7, D8}"
3,38,{},{},"{D1, D2, D3, D4, D5, D6, D7, D8}","{D1, D2, D3, D4, D5, D6, D7, D8}"
3,39,{},{},{},{}
3,40,{},{},"{D1, D2, D3, D4, D5, D6, D7, D8}","{D1, D2, D3, D4, D5, D6, D7, D8}"
3,41,{},{},"{D1, D2, D3, D4, D5, D6, D7, D8}","{D1, D2, D3, D4, D5, D6, D7, D8}"
3,42,{},{},"{D1, D2, D3, D4, D5, D6, D7, D8}","{D1, D2, D3, D4, D5, D6, D7, D8}"
3,43,{},{},"{D1, D2, D3, D4, D5, D6, D7, D8}","{D1, D2, D3, D4, D5, D6, D7, D8}"
3,44,{},{},"{D1, D2, D3, D4, D5, D6, D7, D8}","{D1, D2, D3, D4, D5, D6, D7, D8}"
3,45,{},{},"{D1, D2, D3, D4, D5, D6, D7, D8}","{D1, D2, D3, D4, D5, D6, D7, D8}"
3,46,{},{},{},{}
3,47,{},{},{},{}
3,48,{},{},"{D1, D2, D3, D4, D5, D6, D7, D8}","{D1, D2, D3, D4, D5, D6, D7, D8}"
3,49,{},{},"{D1, D2, D3, D4, D5, D6, D7, D8}","{D1, D2, D3, D4, D5, D6, D7, D8}"
3,50,{},{},"{D1, D2, D3, D4, D5, D6, D7, D8}","{D1, D2, D3, D4, D5, D6, D7, D8}"
3,51,{},{},"{D1, D2, D3, D4, D5, D6, D7, D8}","{D1, D2, D3, D4, D5, D6, D7, D8}"
3,52,{},{},"{D1, D2, D3, D4, D5, D6, D7, D8}","{D1, D2, D3, D4, D5, D6, D7, D8}"
3,53,{},{},"{D1, D2, D3, D4, D5, D6, D7, D8}","{D1, D2, D3, D4, D5, D6, D7, D8}"
3,54,{},{},"{D1, D2, D3, D4, D5, D6, D7, D8}","{D1, D2, D3, D4, D5, D6, D7, D8}"
3,55,{},{},"{D1, D2, D3, D4, D5, D6, D7, D8}","{D1, D2, D3, D4, D5, D6, D7, D8}"
3,56,{},{},"{D1, D2, D3, D4, D5, D6, D7, D8}","{D1, D2, D3, D4, D5, D6, D7, D8}"
3,57,{},{},"{D1, D2, D3, D4, D5, D6, D7, D8}","{D1, D2, D3, D4, D5, D6, D7, D8}"
3,58,{},{},"{D1, D2, D3, D4, D5, D6, D7, D8}","{D1, D2, D3, D4, D5, D6, D7, D8}"
3,59,{},{},"{D1, D2, D3, D4, D5, D6, D7, D8}","{D1, D2, D3, D4, D5, D6, D7, D8}"
3,60,{},{},{},{}
3,61,{},{},"{D1, D2, D3, D4, D5, D6, D7, D8}","{D1, D2, D3, D4, D5, D6, D7, D8}"
3,62,{},{},"{D1, D2, D3, D4, D5, D6, D7, D8}","{D1, D2, D3, D4, D5, D6, D7, D8}"
3,63,{},{},"{D1, D2, D3, D4, D5, D6, D7, D8}","{D1, D2, D3, D4, D5, D6, D7, D8}"
3,64,{},{},"{D1, D2, D3, D4, D5, D6, D7, D8}","{D1, D2, D3, D4, D5, D6, D7, D8}"
3,65,{},{},"{D1, D2, D3, D4, D5, D6, D7, D8}","{D1, D2, D3, D4, D5, D6, D7, D8}"
3,66,{},{},"{D1, D2, D3, D4, D5, D6, D7, D8}","{D1, D2, D3, D4, D5, D6, D7, D8}"
3,67,{},{},{},{}
3,68,{},{},{},{}
3,69,{D6},{D7},"{D1, D2, D3, D4, D5, D6, D7, D8}","{D1, D2, D3, D4, D5, D6, D8}"
3,70,{},{},"{D1, D2, D3, D4, D5, D6, D7, D8}","{D1, D2, D3, D4, D5, D6, D7, D8}"
3,71,{},{},"{D1, D2, D3, D4, D5, D6, D7, D8}","{D1, D2, D3, D4, D5, D6, D7, D8}"
3,72,{},{},"{D1, D2, D3, D4, D5, D6, D7, D8}","{D1, D2, D3, D4, D5, D6, D7, D8}"
3,73,{D7},{D6},"{D1, D2, D3, D4, D5, D6, D7, D8}","{D1, D2, D3, D4, D5, D7, D8}"
3,74,{},{},"{D1, D2, D3, D4, D5, D6, D7, D8}","{D1, D2, D3, D4, D5, D6, D7, D8}"
3,75,{},{},"{D1, D2, D3, D4, D5, D6, D7, D8}","{D1, D2, D3, D4, D5, D6, D7, D8}"
3,76,{D8},{},"{D1, D2, D3, D4, D5, D6, D7, D8}","{D1, D2, D3, D4, D5, D6, D7, D8}"
3,77,{},{},"{D1, D2, D3, D4, D5, D6, D7, D8}","{D1, D2, D3, D4, D5, D6, D7, D8}"
3,78,{},{},"{D1, D2, D3, D4, D5, D6, D7, D8}","{D1, D2, D3, D4, D5, D6, D7, D8}"
3,79,{},{},"{D1, D2, D3, D4, D5, D6, D7, D8}","{D1, D2, D3, D4, D5, D6, D7, D8}"
3,80,{},{},"{D1, D2, D3, D4, D5, D6, D7, D8}","{D1, D2, D3, D4, D5, D6, D7, D8}"
3,81,{},{},"{D1, D2, D3, D4, D5, D6, D7, D8}","{D1, D2, D3, D4, D5, D6, D7, D8}"
3,82,{},{},{},{}
3,83,{},{},"{D1, D2, D3, D4, D5, D6, D7, D8}","{D1, D2, D3, D4, D5, D6, D7, D8}"
3,84,{},{},"{D1, D2, D3, D4, D5, D6, D7, D8}","{D1, D2, D3, D4, D5, D6, D7, D8}"
3,85,{},{},"{D1, D2, D3, D4, D5, D6, D7, D8}","{D1, D2, D3, D4, D5, D6, D7, D8}"
3,86,{},{},"{D1, D2, D3, D4, D5, D6, D7, D8}","{D1, D2, D3, D4, D5, D6, D7, D8}"
3,87,{},{},"{D1, D2, D3, D4, D5, D6, D7, D8}","{D1, D2, D3, D4, D5, D6, D7, D8}"
3,88,{},{},"{D1, D2, D3, D4, D5, D6, D7, D8}","{D1, D2, D3, D4, D5, D6, D7, D8}"
3,89,{},{},"{D1, D2, D3, D4, D5, D6, D7, D8}","{D1, D2, D3, D4, D5, D6, D7, D8}"
3,90,{},{},"{D1, D2, D3, D4, D5, D6, D7, D8}","{D1, D2, D3, D4, D5, D6, D7, D8}"
3,91,{},{},{},{}
3,92,{},{},{},{}
3,93,{},{},"{D1, D2, D3, D4, D5, D6, D7, D8}","{D1, D2, D3, D4, D5, D6, D7, D8}"
3,94,{},{},"{D1, D2, D3, D4, D5, D6, D7, D8}","{D1, D2, D3, D4, D5, D6, D7, D8}"
3,95,{},{},"{D1, D2, D3, D4, D5, D6, D7, D8}","{D1, D2, D3, D4, D5, D6, D7, D8}"
3,96,{},{},"{D1, D2, D3, D4, D5, D6, D7, D8}","{D1, D2, D3, D4, D5, D6, D7, D8}"
3,97,{},{},"{D1, D2, D3, D4, D5, D6, D7, D8}","{D1, D2, D3, D4, D5, D6, D7, D8}"
3,98,{},{},"{D1, D2, D3, D4, D5, D6, D7, D8}","{D1, D2, D3, D4, D5, D6, D7, D8}"
3,99,{},{},{},{}
3,100,{},{},"{D1, D2, D3, D4, D5, D6, D7, D8}","{D1, D2, D3, D4, D5, D6, D7, D8}"
3,101,{},{},"{D1, D2, D3, D4, D5, D6, D7, D8}","{D1, D2, D3, D4, D5, D6, D7, D8}"
3,102,{},{},"{D1, D2, D3, D4, D5, D6, D7, D8}","{D1, D2, D3, D4, D5, D6, D7, D8}"
3,103,{},{},"{D1, D2, D3, D4, D5, D6, D7, D8}","{D1, D2, D3, D4, D5, D6, D7, D8}"
3,104,{},{},"{D1, D2, D3, D4, D5, D6, D7, D8}","{D1, D2, D3, D4, D5, D6, D7, D8}"
3,105,{},{},"{D1, D2, D3, D4, D5, D6, D7, D8}","{D1, D2, D3, D4, D5, D6, D7, D8}"
3,106,{},{},{},{}
3,107,{},{},{},{}
3,108,{},{},"{D1, D2, D3, D4, D5, D6, D7, D8}","{D1, D2, D3, D4, D5, D6, D7, D8}"
3,109,{},{},"{D1, D2, D3, D4, D5, D6, D7, D8}","{D1, D2, D3, D4, D5, D6, D7, D8}"
3,110,{},{},"{D1, D2, D3, D4, D5, D6, D7, D8}","{D1, D2, D3, D4, D5, D6, D7, D8}"
3,111,{},{},"{D1, D2, D3, D4, D5, D6, D7, D8}","{D1, D2, D3, D4, D5, D6, D7, D8}"
3,112,{},{},"{D1, D2, D3, D4, D5, D6, D7, D8}","{D1, D2, D3, D4, D5, D6, D7, D8}"
3,113,{},{},{},{}
3,114,{},{},{},{}
3,115,{},{},"{D1, D2, D3, D4, D5, D6, D7, D8}","{D1, D2, D3, D4, D5, D6, D7, D8}"
3,116,{},{},"{D1, D2, D3, D4, D5, D6, D7, D8}","{D1, D2, D3, D4, D5, D6, D7, D8}"
3,117,{},{},"{D1, D2, D3, D4, D5, D6, D7, D8}","{D1, D2, D3, D4, D5, D6, D7, D8}"
3,118,{},{},"{D1, D2, D3, D4, D5, D6, D7, D8}","{D1, D2, D3, D4, D5, D6, D7, D8}"
3,119,{},{},"{D1, D2, D3, D4, D5, D6, D7, D8}","{D1, D2, D3, D4, D5, D6, D7, D8}"
3,120,{},{},{},{}
3,121,{},{},{},{}
3,122,{},{},"{D1, D2, D3, D4, D5, D6, D7, D8}","{D1, D2, D3, D4, D5, D6, D7, D8}"
3,123,{},{},"{D1, D2, D3, D4, D5, D6, D7, D8}","{D1, D2, D3, D4, D5, D6, D7, D8}"
3,124,{},{},"{D1, D2, D3, D4, D5, D6, D7, D8}","{D1, D2, D3, D4, D5, D6, D7, D8}"
3,125,{},{},"{D1, D2, D3, D4, D5, D6, D7, D8}","{D1, D2, D3, D4, D5, D6, D7, D8}"
3,126,{},{},"{D1, D2, D3, D4, D5, D6, D7, D8}","{D1, D2, D3, D4, D5, D6, D7, D8}"
3,127,{},{},{},{}
3,128,{},{},{},{}
3,129,{},{},"{D1, D2, D3, D4, D5, D6, D7, D8}","{D1, D2, D3, D4, D5, D6, D7, D8}"
3,130,{},{},"{D1, D2, D3, D4, D5, D6, D7, D8}","{D1, D2, D3, D4, D5, D6, D7, D8}"
3,131,{},{},{},{}
3,132,{},{},{},{}
3,133,{},{},"{D1, D2, D3, D4, D5, D6, D7, D8}","{D1, D2, D3, D4, D5, D6, D7, D8}"
3,134,{},{},"{D1, D2, D3, D4, D5, D6, D7, D8}","{D1, D2, D3, D4, D5, D6, D7, D8}"
3,135,{},{},"{D1, D2, D3, D4, D5, D6, D7, D8}","{D1, D2, D3, D4, D5, D6, D7, D8}"
3,136,{},{},"{D1, D2, D3, D4, D5, D6, D7, D8}","{D1, D2, D3, D4, D5, D6, D7, D8}"
3,137,{},{},"{D1, D2, D3, D4, D5, D6, D7, D8}","{D1, D2, D3, D4, D5, D6, D7, D8}"
